{"corr_levels": [0.06575654152445962, 0.5064846416382253, 0.7560864618885097], "corr_levels_translation": [0.08088737201365187, 0.5994311717861206, 0.777929465301479], "mean_dist_translation": 0.18832904062695024, "mean_sq_dist_translation": 0.3569624349553742, "corr_levels_angles": [0.5656427758816838, 0.6896473265073948, 0.8312855517633675], "mean_dist_angle": 26.931376687623708, "mean_sq_dist_angle": 65.31112480331223, "num": 8790, "eval_5m": {"corr_levels": [0.11764705882352941, 0.7450980392156863, 0.9607843137254902], "corr_levels_translation": [0.1323529411764706, 0.7941176470588235, 0.9705882352941176], "mean_dist_translation": 0.06932576982003144, "mean_sq_dist_translation": 0.0971475377702049, "corr_levels_angles": [0.7941176470588235, 0.8970588235294118, 0.9852941176470589], "mean_dist_angle": 3.8360794550628947, "mean_sq_dist_angle": 21.23099366403795, "num": 204}, "eval_10m": {"corr_levels": [0.13122721749696234, 0.787363304981774, 0.959902794653706], "corr_levels_translation": [0.15552855407047386, 0.8821385176184691, 0.968408262454435], "mean_dist_translation": 0.06325832788661612, "mean_sq_dist_translation": 0.12044696638045174, "corr_levels_angles": [0.755771567436209, 0.8529769137302552, 0.9696233292831106], "mean_dist_angle": 6.5456100270724775, "mean_sq_dist_angle": 29.972882550043117, "num": 823}, "eval_15m": {"corr_levels": [0.12687585266030013, 0.7783083219645294, 0.9488403819918144], "corr_levels_translation": [0.15757162346521145, 0.8751705320600273, 0.956343792633015], "mean_dist_translation": 0.06571508116008762, "mean_sq_dist_translation": 0.11772634967284253, "corr_levels_angles": [0.7360163710777626, 0.8540245566166439, 0.9645293315143247], "mean_dist_angle": 7.523699863257606, "mean_sq_dist_angle": 32.90344958653764, "num": 1466}, "eval_20m": {"corr_levels": [0.11700680272108843, 0.763265306122449, 0.9387755102040817], "corr_levels_translation": [0.1469387755102041, 0.8594104308390023, 0.9501133786848073], "mean_dist_translation": 0.06977512821903063, "mean_sq_dist_translation": 0.12388173826483292, "corr_levels_angles": [0.7142857142857143, 0.8430839002267574, 0.9560090702947845], "mean_dist_angle": 8.858178371340406, "mean_sq_dist_angle": 36.20127829411321, "num": 2205}, "val": {"corr_levels": [0.06606566200215286, 0.5060548977395048, 0.7459634015069968], "corr_levels_translation": [0.08032831001076426, 0.58745963401507, 0.7672228202368138], "mean_dist_translation": 0.19650516482373032, "mean_sq_dist_translation": 0.36553209160234634, "corr_levels_angles": [0.5670075349838536, 0.6922766415500539, 0.8203713670613563], "mean_dist_angle": 28.68589275814463, "mean_sq_dist_angle": 67.6297507865793, "num": 7432, "eval_5m": {"corr_levels": [0.12972972972972974, 0.7621621621621621, 0.9567567567567568], "corr_levels_translation": [0.14594594594594595, 0.8054054054054054, 0.9675675675675676], "mean_dist_translation": 0.06896262696214221, "mean_sq_dist_translation": 0.0984968984952521, "corr_levels_angles": [0.8108108108108109, 0.9027027027027027, 0.9837837837837838], "mean_dist_angle": 4.04419694861805, "mean_sq_dist_angle": 22.277126893060647, "num": 185}, "eval_10m": {"corr_levels": [0.13953488372093023, 0.8057455540355677, 0.957592339261286], "corr_levels_translation": [0.16552667578659372, 0.8864569083447332, 0.9671682626538988], "mean_dist_translation": 0.06107330318220551, "mean_sq_dist_translation": 0.10073639638011792, "corr_levels_angles": [0.7701778385772914, 0.8714090287277702, 0.9671682626538988], "mean_dist_angle": 6.833718817428427, "mean_sq_dist_angle": 31.083310430242665, "num": 731}, "eval_15m": {"corr_levels": [0.13473520249221183, 0.8029595015576324, 0.9493769470404985], "corr_levels_translation": [0.16433021806853582, 0.8800623052959502, 0.955607476635514], "mean_dist_translation": 0.06406926663648307, "mean_sq_dist_translation": 0.10735323238325287, "corr_levels_angles": [0.7538940809968847, 0.8753894080996885, 0.9641744548286605], "mean_dist_angle": 7.45575269529974, "mean_sq_dist_angle": 33.012828415212674, "num": 1284}, "eval_20m": {"corr_levels": [0.1205141938939475, 0.7836100696304231, 0.9400107123727905], "corr_levels_translation": [0.15104445634708089, 0.8628816282806642, 0.9512587038028923], "mean_dist_translation": 0.06808230823192603, "mean_sq_dist_translation": 0.11547732588900145, "corr_levels_angles": [0.7284413497589716, 0.8634172469201928, 0.9566148901981789], "mean_dist_angle": 8.69669229057386, "mean_sq_dist_angle": 36.078245256012224, "num": 1867}}, "test": {"corr_levels": [0.06406480117820323, 0.5088365243004418, 0.8114874815905744], "corr_levels_translation": [0.08394698085419734, 0.6649484536082474, 0.8365243004418262], "mean_dist_translation": 0.143583123815117, "mean_sq_dist_translation": 0.3058389428533823, "corr_levels_angles": [0.5581737849779087, 0.6752577319587629, 0.8910162002945509], "mean_dist_angle": 17.32934175676125, "mean_sq_dist_angle": 50.78011808937946, "num": 1358, "eval_5m": {"corr_levels": [0.0, 0.5789473684210527, 1.0], "corr_levels_translation": [0.0, 0.6842105263157895, 1.0], "mean_dist_translation": 0.07286163448895279, "mean_sq_dist_translation": 0.08286837308676308, "corr_levels_angles": [0.631578947368421, 0.8421052631578947, 1.0], "mean_dist_angle": 1.8096722809732182, "mean_sq_dist_angle": 2.7531606484881657, "num": 19}, "eval_10m": {"corr_levels": [0.06521739130434782, 0.6413043478260869, 0.9782608695652174], "corr_levels_translation": [0.07608695652173914, 0.8478260869565217, 0.9782608695652174], "mean_dist_translation": 0.08061977417926992, "mean_sq_dist_translation": 0.2216928854038012, "corr_levels_angles": [0.6413043478260869, 0.7065217391304348, 0.9891304347826086], "mean_dist_angle": 4.2563977906572585, "mean_sq_dist_angle": 18.964978192316142, "num": 92}, "eval_15m": {"corr_levels": [0.07142857142857142, 0.6043956043956044, 0.945054945054945], "corr_levels_translation": [0.10989010989010989, 0.8406593406593407, 0.9615384615384616], "mean_dist_translation": 0.07732621219474822, "mean_sq_dist_translation": 0.17415859491191868, "corr_levels_angles": [0.6098901098901099, 0.7032967032967034, 0.967032967032967], "mean_dist_angle": 8.00306339983948, "mean_sq_dist_angle": 32.121206895129376, "num": 182}, "eval_20m": {"corr_levels": [0.09763313609467456, 0.650887573964497, 0.9319526627218935], "corr_levels_translation": [0.1242603550295858, 0.8402366863905325, 0.9437869822485208], "mean_dist_translation": 0.0791257048933629, "mean_sq_dist_translation": 0.16266067799674444, "corr_levels_angles": [0.636094674556213, 0.7307692307692307, 0.9526627218934911], "mean_dist_angle": 9.7501739713142, "mean_sq_dist_angle": 36.87347639480326, "num": 338}}, "reg_eval": {"fitness": 0.0, "inlier_rmse": 0.0}, "mean_time": 0}